leg_pos	Residue	Domain	relSESA	consurf_old	severity
376	K	A2	0.795273897082034	-0.544	low
377	K	A2	1.01557651343036	1.282	high
378	H	A2	0.96678604685154	1.477	high
379	P	A2	0.969406199958403	0.065	high
380	K	A2	0.579968350552632	1.117	low
381	T	A2	0.832529593882673	0.237	low
382	W	A2	0.183521592944847	-0.149	low
383	V	A2	0.702847203738848	1.406	high
385	Y	A2	0.410892200437182	0.012	low
386	I	A2	0.101708669201609	-1.033	low
391	E	A2	0.5661883514109	0.756	high
392	D	A2	0.873197045580533	0.603	low
393	W	A2	0.244458944182797	-1.092	low
397	P	A2	0.743440986341655	-0.474	low
398	L	A2	0.84414516311008	0.83	high
399	V	A2	0.386822954524148	1.07	high
400	L	A2	0.943661138171212	2.009	high
403	D	A2	0.71645753527725	1.204	high
404	D	A2	0.945263962779876	-0.078	low
405	R	A2	0.944764528350571	0.137	high
406	S	A2	0.658925179213421	0.817	high
407	Y	A2	0.660833176860845	2.267	high
408	K	A2	0.391015080352579	1.28	high
409	S	A2	0.367267518774379	-0.022	high
410	Q	A2	0.682586797073676	1.539	high
412	L	A2	0.071925980526539	0.352	low
413	N	A2	0.612687563135428	0.215	high
414	N	A2	0.770938610933411	1.044	high
415	G	A2	0.409885540378649	0.88	high
416	P	A2	0.796437178160634	-0.198	high
417	Q	A2	0.596525061290985	-0.069	high
418	R	A2	0.406739547391222	-0.081	low
419	I	A2	0.081443009604786	-0.656	low
420	G	A2	0.081593357559834	-0.044	low
421	R	A2	0.37695826542808	-0.266	high
422	K	A2	0.685004920409912	0.304	low
423	Y	A2	0.054089301782901	-1.147	low
424	K	A2	0.413389805906476	-0.826	low
425	K	A2	0	-1.115	low
426	V	A2	0	-0.592	low
427	R	A2	0.388666692288081	0.168	low
428	F	A2	0.067721949162457	-0.19	low
429	M	A2	0.304531813620372	-0.386	high
431	Y	A2	0.125065972680518	-0.936	low
432	T	A2	0.656030962519524	-0.835	high
434	E	A2	0.719875303569495	2.232	high
435	T	A2	0.716491367755969	-0.533	low
436	F	A2	0.127230447670398	-1.151	low
437	K	A2	0.95263589311126	-0.237	high
438	T	A2	0.609009667289355	0.362	low
440	E	A2	0.646249016230597	-0.138	high
442	I	A2	0.705926349613666	2.639	high
444	H	A2	1.02035816544354	2.829	high
445	E	A2	0.416814210506237	1.156	high
448	I	A2	0	-0.74	low
449	L	A2	0.040816090747195	0.044	high
450	G	A2	0.241425702003315	-1.088	low
451	P	A2	0.278912101956513	-1.099	low
452	L	A2	0.543178595400202	-0.329	high
453	L	A2	0.068217612243636	-0.852	low
454	Y	A2	0.272655190141661	-0.541	high
455	G	A2	0	-0.98	high
456	E	A2	0.214827138568454	-0.59	low
457	V	A2	0.433973194774579	-0.626	low
458	G	A2	0.735407810476119	-0.073	low
459	D	A2	0.209940149343962	-0.893	low
460	T	A2	0.434540517653352	0.928	low
461	L	A2	0	0.64	low
462	L	A2	0.403771119317226	0.201	high
463	I	A2	0	-0.917	low
464	I	A2	0.10288849669546	0.679	high
465	F	A2	0	-0.729	low
466	K	A2	0.322301315253421	-0.216	low
467	N	A2	0.021353010310182	-1.15	low
468	Q	A2	0.562197651779757	0.288	high
471	R	A2	0.383942794858293	-0.734	low
472	P	A2	0.558736619133722	-0.66	low
473	Y	A2	0	-0.381	low
474	N	A2	0.053107949814507	-1.079	low
475	I	A2	0	-0.947	low
476	Y	A2	0.251716135129001	-0.15	low
477	P	A2	0.11960155181527	-0.895	low
478	H	A2	0.308119642848937	-0.58	low
479	G	A2	0.55476845340933	-0.871	low
481	T	A2	0.825889650112296	-0.252	high
482	D	A2	0.518355688189993	0.526	low
485	P	A2	0.553971210497626	0.086	high
486	L	A2	0.496130644812209	0.885	high
487	Y	A2	0.978466146254679	0.952	low
488	S	A2	0.665920339309555	1.561	high
489	R	A2	1.01991795311716	1.79	high
490	R	A2	0.943952648536206	2.171	high
491	L	A2	0.611209600876096	0.756	high
492	P	A2	0.738949352291709	0.738	high
493	K	A2	1.07393405187817	0.382	high
494	G	A2	1.09006180741504	-0.005	high
495	V	A2	0.468415253806661	1.124	high
496	K	A2	0.981617434086423	0.763	high
497	H	A2	0.583351535841162	-0.261	high
498	L	A2	0.197669797981568	-0.162	high
499	K	A2	0.438014087185373	-0.573	high
500	D	A2	0.705009647526238	-0.007	high
501	F	A2	0.379092722157635	0.278	high
502	P	A2	0.728780257029547	0.303	low
503	I	A2	0	-0.482	low
504	L	A2	0.645716272873014	1.461	low
505	P	A2	0.716345306974597	-1.101	low
506	G	A2	0.903949529239095	-0.876	low
507	E	A2	0.532598455735346	0.903	high
508	I	A2	0.679841454252973	-0.36	high
509	F	A2	0.428871581818116	-0.117	low
511	Y	A2	0.102784451750887	-1.073	low
512	K	A2	0.671369167081022	0.981	low
514	T	A2	0.443980990546485	1.569	low
517	V	A2	0.900690196270027	1.343	high
518	E	A2	0.609163316565089	-0.046	high
519	D	A2	0.048888684237981	-0.996	high
520	G	A2	0.109713647110492	-0.627	high
521	P	A2	0.285408918495371	-1.158	low
522	T	A2	0.433296143462332	-0.42	low
523	K	A2	1.06516783707282	1.213	high
524	S	A2	0.403593756053436	-0.273	high
525	D	A2	0.192923394829559	-1.128	low
526	P	A2	0.492013770386744	-0.553	high
527	R	A2	0.73497433279486	0.131	low
528	C	A2	0.072682434534244	-1.051	low
529	L	A2	0	-0.78	low
530	T	A2	0	-0.894	high
531	R	A2	0	-0.743	low
532	Y	A2	0.033399363537179	-0.193	high
533	Y	A2	0	-1.147	low
534	S	A2	0	-0.345	high
535	S	A2	0	-1.185	low
536	F	A2	0.390367916125591	-0.561	low
537	V	A2	0.485734896045791	0.928	low
538	N	A2	0.498666274940065	-0.105	low
539	M	A2	0.340729160571075	0.025	high
540	E	A2	0.768364482866436	0.047	high
541	R	A2	0.459863019757656	-0.32	low
542	D	A2	0	-1.087	low
543	L	A2	0.248558504916952	0.358	high
545	S	A2	0	-1.016	low
546	G	A2	0	-1.151	low
547	L	A2	0	-1.153	low
549	G	A2	0	-1.151	low
550	P	A2	0.130973367739295	-0.773	high
551	L	A2	0	-0.958	low
552	L	A2	0	-0.794	high
554	C	A2	0	-0.968	low
556	K	A2	0.844539184277171	0.329	high
558	S	A2	0	-0.467	low
559	V	A2	0.078748311703165	-0.546	high
560	D	A2	0.472727998409939	-0.776	low
561	Q	A2	0.990863416337563	0.698	low
562	R	A2	0.959818160586803	-0.553	high
563	G	A2	0.403261672602316	-1.02	low
566	I	A2	0.601322329620425	0.279	low
567	M	A2	0.837801113883019	-0.209	high
568	S	A2	0.540348061497286	-0.39	high
569	D	A2	0.771150485254397	-1.135	low
573	V	A2	0.179409600419904	0.283	low
574	I	A2	0	-0.843	low
576	F	A2	0	-0.928	low
578	V	A2	0.244654332726156	-0.536	high
579	F	A2	0.110371864092255	-0.865	low
580	D	A2	0.293079372102307	-1.09	low
585	W	A2	0.334754845287755	-0.971	low
586	Y	A2	0	-0.933	low
587	L	A2	0.332194620450944	-0.025	low
588	T	A2	0.791431836212423	0.802	high
591	I	A2	0.276180645681156	-0.636	low
592	Q	A2	0.815227791404864	0.304	high
594	F	A2	0.462240609941143	-0.167	low
596	P	A2	0.861569147823211	0.829	high
597	N	A2	0.694486156145988	0.813	high
600	G	A2	0.773517249459971	1.358	high
601	V	A2	0.34295324789847	0.579	high
602	Q	A2	0.741201988184909	0.149	high
603	L	A2	0.767925687562117	1.718	low
604	E	A2	0.885575381568432	0.169	high
605	D	A2	0.440131214429956	-0.836	low
607	E	A2	0.744122796743437	1.022	high
611	S	A2	0	-1.089	high
618	N	A2	0	-1.181	low
619	G	A2	0	-1.084	low
621	V	A2	0	-0.764	high
622	F	A2	0.304949446908761	-0.252	low
623	D	A2	0.486786495149931	-0.071	high
624	S	A2	0.264879553449153	0.143	high
625	L	A2	0.162951412980504	-0.545	low
628	S	A2	0.885158728481818	0.958	high
629	V	A2	0.262162933654526	0.613	high
630	C	A2	0.49635106690571	-0.721	low
631	L	A2	0.397941527193009	0.713	low
632	H	A2	0.937864802662713	0.168	high
633	E	A2	0.304669637457836	-0.21	high
634	V	A2	0.471677898906345	-0.917	low
637	W	A2	0	-0.956	low
638	Y	A2	0	-0.738	low
640	L	A2	0	-0.469	high
642	I	A2	0.023172996747979	-0.708	high
643	G	A2	0.499388461476507	-1.085	low
646	T	A2	0.74662794051283	-0.501	low
648	F	A2	0.089887502548764	-0.347	high
649	L	A2	0	-0.807	low
2173	S	C2	0.32880431954444	-1.013	low
2174	C	C2	0.188850643858598	-1.1	low
2175	S	C2	0.372951180154859	-0.983	high
2176	M	C2	0.542438501716139	0.466	low
2177	P	C2	0.757675988577361	-0.942	high
2178	L	C2	0.346066277281357	-1.121	low
2179	G	C2	0.272511760928878	-1.16	low
2180	M	C2	0	-0.748	low
2181	E	C2	0.686563466438323	-0.644	high
2182	S	C2	0.844681925521854	1.045	high
2183	K	C2	0.901964958316627	1.101	high
2185	I	C2	0.128397227784864	-1.107	low
2186	S	C2	0.525460431790919	0.903	high
2187	D	C2	0.763339763681744	-0.316	low
2189	Q	C2	0.472431555078443	0.049	high
2190	I	C2	0.118223764810654	-0.717	low
2191	T	C2	0.625089384539945	-0.547	high
2193	S	C2	0.558547752949016	-1.183	low
2194	S	C2	0.358526997638502	-1.144	low
2195	Y	C2	0.591267645757512	1.344	high
2196	F	C2	0.410203316649982	0.288	high
2197	T	C2	0.707982535156373	0.57	high
2198	N	C2	0.571305543298498	-0.025	low
2199	M	C2	0.910437099636266	1.186	high
2200	F	C2	0.655916839183741	1.018	high
2202	T	C2	0.695757700864439	0.624	high
2203	W	C2	0	-1.164	low
2204	S	C2	0.413499621213645	1.261	high
2205	P	C2	0.289929635463255	-0.567	high
2206	S	C2	0.52588639707989	-0.146	high
2209	R	C2	0.263947497680635	-1.16	low
2210	L	C2	0.229198244796972	-0.872	low
2211	H	C2	0.675323004351152	-0.795	low
2212	L	C2	0.516990140097065	0.826	high
2213	Q	C2	0.895448659725727	0.371	high
2214	G	C2	0.870909846078021	-1.076	high
2215	R	C2	0.800613083318696	0.374	high
2217	N	C2	0.230882173109028	-1.2	high
2219	W	C2	0	-1.164	low
2220	R	C2	0.204162999507544	-0.798	low
2221	P	C2	0.144483436114638	-1.034	high
2222	Q	C2	0.807668613913513	0.007	high
2224	N	C2	0.555120635078209	-0.605	low
2225	N	C2	0.382194930780513	-0.567	high
2226	P	C2	0.689695264827347	0.102	high
2227	K	C2	0.96932068330868	1.166	low
2228	E	C2	0.250776662247286	-0.868	low
2229	W	C2	0.319804877249905	-1.079	low
2230	L	C2	0	-0.789	low
2231	Q	C2	0.252168895197145	-1.109	low
2232	V	C2	0	-0.85	low
2233	D	C2	0.20666378839871	-0.938	low
2234	F	C2	0.246037078247475	-0.421	low
2235	Q	C2	0.732799985775942	1.002	high
2236	K	C2	0.632328169270394	1.259	low
2237	T	C2	0.552957127966055	0.281	low
2238	M	C2	0.227792939270472	-0.24	low
2239	K	C2	0.28693558456959	-0.851	high
2240	V	C2	0	-0.898	low
2241	T	C2	0.531498652923757	-1.114	low
2242	G	C2	0.114492621253447	-0.783	high
2243	V	C2	0	-0.611	low
2244	T	C2	0.221071893675455	0.364	high
2245	T	C2	0	-1.093	low
2246	Q	C2	0.123896544120233	-1.19	low
2247	G	C2	0	-1.161	low
2248	V	C2	0	-0.737	low
2250	S	C2	0.26058803455793	-0.507	high
2251	L	C2	0.744771662082976	1.399	high
2252	L	C2	1.06240975176724	0.854	high
2253	T	C2	0.598709953044039	0.076	high
2254	S	C2	0.555194237270418	0.171	low
2255	M	C2	0.126485162181052	-0.833	low
2256	Y	C2	0.230108246644988	-0.331	high
2257	V	C2	0	-1.147	low
2258	K	C2	0.568104675484049	0.112	high
2259	E	C2	0.577554940317323	-0.612	low
2260	F	C2	0	-0.749	low
2261	L	C2	0.297232109935251	0.463	high
2262	I	C2	0.033154409681829	-0.385	low
2263	S	C2	0.28787658781095	-0.392	high
2264	S	C2	0.496791919651202	0.017	high
2265	S	C2	0.140746845856007	-1.105	low
2266	Q	C2	0.823286604688375	0.53	high
2267	D	C2	0.642456899119155	0.081	low
2268	G	C2	0.498503504091679	-0.526	high
2269	H	C2	0.896802584163932	1.262	high
2270	Q	C2	0.842521048846315	0.774	high
2271	W	C2	0.397079371102761	-1.082	low
2272	T	C2	0.802373072402925	0.49	high
2273	L	C2	0.575718276951805	1.451	high
2274	F	C2	0.300139465488334	-0.288	high
2275	F	C2	0.720054790123597	0.512	high
2276	Q	C2	0.586193348016989	-0.096	low
2277	N	C2	1.04953187530093	1.25	high
2278	G	C2	0.969356838813226	0.778	high
2280	V	C2	0.61070779573724	0.52	high
2281	K	C2	0.390221236824516	-0.573	high
2282	V	C2	0.860734136404852	0.063	high
2283	F	C2	0.122243090170045	-1.2	low
2284	Q	C2	0.752843409658635	1.547	high
2285	G	C2	0.11416578732724	-1.044	low
2286	N	C2	0	-1.218	low
2288	D	C2	0.431043468774678	-0.222	low
2289	S	C2	0.220621465582166	0.334	high
2290	F	C2	0.780783463299044	0.996	low
2291	T	C2	0.614656162575369	0.211	low
2292	P	C2	0.469846936136091	-0.245	high
2293	V	C2	0.419909752747548	-0.079	low
2294	V	C2	0.661855472229817	0.422	high
2295	N	C2	0.243757034440626	-0.67	low
2296	S	C2	0.850356338099145	0.593	high
2297	L	C2	0.132935903268828	-0.566	low
2298	D	C2	0.793895092383811	0.017	low
2299	P	C2	0.71059469674732	-0.433	low
2300	P	C2	0.588002420275002	-1.13	low
2301	L	C2	0.253151179022247	-0.788	low
2302	L	C2	0.476865838172788	-0.452	low
2303	T	C2	0	-0.608	low
2304	R	C2	0.425412021049187	-0.734	low
2305	Y	C2	0.21379695663834	-0.243	low
2306	L	C2	0	-0.425	low
2307	R	C2	0.258943005778615	-1.106	low
2308	I	C2	0	-0.703	low
2309	H	C2	0.318205971440155	-0.317	low
2311	Q	C2	0.613965648123896	0.666	high
2312	S	C2	0.489812222910261	0.434	high
2313	W	C2	0.440808834576668	-1.164	low
2314	V	C2	0.383178733779872	0.849	low
2315	H	C2	0.847257676966212	0.623	low
2316	Q	C2	0.405675601430623	-0.085	high
2317	I	C2	0	-0.995	high
2319	L	C2	0	-0.806	low
2320	R	C2	0.177735156270478	-1.213	low
2321	M	C2	0	0.665	high
2322	E	C2	0.183229811581834	-1.185	low
2323	V	C2	0	-0.088	low
2324	L	C2	0.38255348341803	-0.737	high
2325	G	C2	0.194784080902575	-1.2	low
